StoreCode,SaleDate,ProductCode,SaleQty,ReceivableAmt,DeductionAmt,Channel
2261,2026-07-31,KY00591X538,1.0,17424.0,0.0,POS
2261,2026-07-31,KY00561P440,1.0,17424.0,0.0,POS
2261,2026-07-31,KY00543P542,1.0,17424.0,0.0,POS
2261,2026-07-31,KY00543P536,1.0,17424.0,0.0,POS
2261,2026-07-31,KY00542P544,1.0,17424.0,0.0,POS
2261,2026-07-31,KY00542P542,1.0,17424.0,0.0,POS
2261,2026-07-31,KY00542P540,1.0,17424.0,0.0,POS
2261,2026-07-31,KY00542P538,1.0,17424.0,0.0,POS
2261,2026-07-31,KY00542P536,1.0,17424.0,0.0,POS
2261,2026-07-31,KW03848W040,1.0,17424.0,0.0,POS
2261,2026-07-31,KV04575H138,1.0,17424.0,0.0,POS
2261,2026-07-31,KV04574X340,1.0,11148.0,0.0,POS
2261,2026-07-31,KV04574X338,1.0,11148.0,0.0,POS
2261,2026-07-31,KV04569W042,1.0,11148.0,0.0,POS
2261,2026-07-31,KF12506W040,1.0,11148.0,0.0,POS
4334,2026-07-31,KA01990W036,1.0,-636.5,0.0,POS
4334,2026-07-31,CA01759V142,1.0,-636.5,0.0,POS
4334,2026-07-28,KA01990W036,1.0,-636.5,0.0,POS
4334,2026-07-31,KA01990W036,1.0,1843.5,0.0,POS
3982,2026-07-30,KF09734W040,1.0,12314.0,0.0,POS
3982,2026-07-30,RZ01103A140,1.0,12314.0,0.0,POS
3982,2026-07-30,KA01915W044,1.0,12314.0,0.0,POS
3982,2026-07-30,KA02157C440,1.0,12314.0,0.0,POS
3982,2026-07-30,KA02141Q742,1.0,12314.0,0.0,POS
3982,2026-07-30,KA01915W042,1.0,12314.0,0.0,POS
3982,2026-07-30,KA01915W042,1.0,1445.0,0.0,POS
3982,2026-07-30,KA01915W038,1.0,2880.0,0.0,POS
4334,2026-07-30,CA01759V136,1.0,-2480.0,0.0,POS
4334,2026-07-30,RB00209D138,1.0,-1378.0,0.0,POS
4334,2026-07-30,XA00845A836,1.0,-4298.0,0.0,POS
4334,2026-07-30,XA00845A836,1.0,-4298.0,0.0,POS
4334,2026-07-30,XA00845A836,1.0,300.0,0.0,POS
4334,2026-07-30,XA02447D138,1.0,300.0,0.0,POS
4334,2026-07-30,XA02447D138,1.0,4152.4,0.0,POS
4334,2026-07-30,RB00209D138,1.0,4152.4,0.0,POS
4334,2026-07-30,CA01300X136,1.0,4152.4,0.0,POS
4334,2026-07-30,CA01759V136,1.0,3703.6,0.0,POS
4334,2026-07-30,CA01300X136,1.0,3703.6,0.0,POS
3982,2026-07-29,KA01915W042,1.0,2398.3,200.0,POS
3982,2026-07-29,KA01915W042,1.0,2887.0,0.0,POS
3966,2026-07-28,X3BDFSB001V144,1.0,1000.0,0.0,POS
1453,2026-07-28,KB00677X242,1.0,0.0,0.0,POS
1674,2026-07-28,LA01844W040,1.0,3590.0,0.0,POS
1674,2026-07-28,LH00481W038,1.0,-800.0,0.0,POS
1674,2026-07-28,LA01816W038,1.0,-800.0,0.0,POS
1674,2026-07-28,LA01791X238,1.0,-800.0,0.0,POS
1674,2026-07-28,LA01791X238,1.0,4390.0,0.0,POS
10191,2026-07-28,KD04862C138,1.0,3287.0,0.0,POS
4334,2026-07-28,CA01759V142,1.0,-636.5,0.0,POS
4334,2026-07-28,XA02447D136,1.0,6478.0,0.0,POS
4334,2026-07-28,CA01759V142,1.0,6478.0,0.0,POS
4334,2026-07-28,NA02153W042,1.0,-518.0,0.0,POS
10191,2026-07-28,KD04862C140,2.0,6574.0,0.0,POS
4334,2026-07-28,RB00250U144,1.0,1317.0,0.0,POS
4334,2026-07-28,CA01271X144,1.0,656.0,0.0,POS
4334,2026-07-27,FA00454W036,1.0,12328.0,0.0,POS
4334,2026-07-27,FA00459W034,1.0,12328.0,0.0,POS
4334,2026-07-27,RB00225V138,1.0,12328.0,0.0,POS
4334,2026-07-27,KA02171E138,1.0,12328.0,0.0,POS
4334,2026-07-27,CA01759V144,1.0,12328.0,0.0,POS
4334,2026-07-27,NA02153W042,1.0,12328.0,0.0,POS
4334,2026-07-27,R7BFBSQ003R136,1.0,1190.0,0.0,POS
1590,2026-07-27,LA01816W038,1.0,3590.0,0.0,POS
2261,2026-07-27,KY00588P538,1.0,9235.0,0.0,POS
2261,2026-07-27,KY00588P536,1.0,9235.0,0.0,POS
2261,2026-07-27,KY00572P540,1.0,9235.0,0.0,POS
2261,2026-07-27,KY00572P538,1.0,9235.0,0.0,POS
2261,2026-07-27,KY00564P540,1.0,9235.0,0.0,POS
2261,2026-07-27,KY00543P540,1.0,2642.0,0.0,POS
2261,2026-07-27,KY00543P538,1.0,2642.0,0.0,POS
2261,2026-07-27,KW03947W038,1.0,11561.0,0.0,POS
2261,2026-07-27,KW03942W040,1.0,11561.0,0.0,POS
2261,2026-07-27,KW03906W042,1.0,11561.0,0.0,POS
2261,2026-07-27,KW03906W040,1.0,11561.0,0.0,POS
2261,2026-07-27,KW03900W040,1.0,11561.0,0.0,POS
2261,2026-07-27,KW03892P538,1.0,5124.0,0.0,POS
2261,2026-07-27,KW03892P536,1.0,5124.0,0.0,POS
2261,2026-07-27,KW03881Q740,1.0,5124.0,0.0,POS
2261,2026-07-27,KW03881Q738,1.0,3606.0,0.0,POS
2261,2026-07-27,KW03862W036,1.0,3606.0,0.0,POS
2261,2026-07-27,KV04662Q640,1.0,9269.0,0.0,POS
2261,2026-07-27,KV04662Q638,1.0,9269.0,0.0,POS
2261,2026-07-27,KV04656X442,1.0,9269.0,0.0,POS
2261,2026-07-27,KV04656X440,1.0,9269.0,0.0,POS
2261,2026-07-27,KV04656X438,1.0,9269.0,0.0,POS
2261,2026-07-27,KW03813P838,1.0,8902.0,0.0,POS
2261,2026-07-27,KW03808R440,1.0,8902.0,0.0,POS
2261,2026-07-27,KW03804X340,1.0,8902.0,0.0,POS
2261,2026-07-27,KW03804X338,1.0,8902.0,0.0,POS
2261,2026-07-27,KW03804X336,1.0,8902.0,0.0,POS
2261,2026-07-27,KW03802W040,1.0,4477.0,0.0,POS
2261,2026-07-27,KW03722W038,1.0,4477.0,0.0,POS
2261,2026-07-27,KW03722W036,1.0,7435.0,0.0,POS
2261,2026-07-27,KW03676W042,1.0,7435.0,0.0,POS
2261,2026-07-27,KW03621W040,1.0,7435.0,0.0,POS
2261,2026-07-27,KV04647D142,1.0,12350.0,0.0,POS
2261,2026-07-27,KV04647D140,1.0,12350.0,0.0,POS
2261,2026-07-27,KV04620W042,1.0,12350.0,0.0,POS
2261,2026-07-27,KV04620W040,1.0,12350.0,0.0,POS
2261,2026-07-27,KV04620W038,1.0,12350.0,0.0,POS
2261,2026-07-27,KV04620W036,1.0,12350.0,0.0,POS
2261,2026-07-27,KV04611D138,1.0,8492.0,0.0,POS
2261,2026-07-27,KV04578C538,1.0,8492.0,0.0,POS
2261,2026-07-27,KV04575H142,1.0,8492.0,0.0,POS
2261,2026-07-27,KV04575H140,1.0,8492.0,0.0,POS
2261,2026-07-27,KV04569W040,1.0,8492.0,0.0,POS
2261,2026-07-27,KV04569W036,1.0,4735.0,0.0,POS
2261,2026-07-27,KV04550F140,1.0,4735.0,0.0,POS
2261,2026-07-27,KV04512W040,1.0,4735.0,0.0,POS
2261,2026-07-27,KS03295W040,1.0,52920.0,0.0,POS
3982,2026-07-27,KA02141Q736,2.0,-4974.0,0.0,POS
3982,2026-07-27,KA02141Q744,2.0,-14922.0,0.0,POS
3982,2026-07-27,KA02141Q742,2.0,-14922.0,0.0,POS
3982,2026-07-27,KA02141Q736,2.0,-14922.0,0.0,POS
4334,2026-07-27,CA01759V142,1.0,0.0,0.0,POS
4334,2026-07-27,CA01759V142,1.0,0.0,0.0,POS
4334,2026-07-27,CA01271X136,1.0,656.0,0.0,POS
3491,2026-07-24,R8BFASB001Y040,1.0,3890.0,0.0,POS
4333,2026-07-24,K8BFBSD001A146,1.0,355.8,0.0,POS
4333,2026-07-24,C8BDASA001X238,1.0,355.8,0.0,POS
4334,2026-07-24,R8BFASB001Y040,1.0,3501.0,0.0,POS
4334,2026-07-24,N3BGA50002000036,1.0,1900.0,0.0,POS
4333,2026-07-24,C8BCFSD006D138,1.0,355.8,0.0,POS
3491,2026-07-24,K8BEASA001W038,1.0,737.4,0.0,POS
3491,2026-07-24,K3BDCSB001S240,1.0,737.4,0.0,POS
2261,2026-07-23,KF12425G538,1.0,1843.0,0.0,POS
4334,2026-07-23,CI00310X138,1.0,1440.0,0.0,POS
4334,2026-07-23,CG00257X136,1.0,1440.0,0.0,POS
4334,2026-07-23,CI00310X136,1.0,1440.0,0.0,POS
4334,2026-07-23,XA02447D136,1.0,3998.0,0.0,POS
4334,2026-07-23,XA02447D136,1.0,5077.2,0.0,POS
4334,2026-07-23,X8BFBSB005D140,1.0,5077.2,0.0,POS
4334,2026-07-23,XA02447D136,1.0,5077.2,0.0,POS
4334,2026-07-23,X8BFBSB005D140,1.0,5077.2,0.0,POS
4334,2026-07-23,XA02447D136,1.0,5077.2,0.0,POS
4334,2026-07-23,X8BFBSB005D140,1.0,5077.2,0.0,POS
4334,2026-07-23,XA02447D136,1.0,5077.2,0.0,POS
4334,2026-07-23,X8BFBSB005D140,1.0,5077.2,0.0,POS
4334,2026-07-23,XA02447D136,1.0,5077.2,0.0,POS
4334,2026-07-23,X8BFBSB005D140,1.0,5077.2,0.0,POS
4334,2026-07-23,XA02447D136,1.0,5077.2,0.0,POS
4334,2026-07-23,X8BFBSB005D140,1.0,5077.2,0.0,POS
4334,2026-07-22,XA02447D136,1.0,3998.0,0.0,POS
4334,2026-07-22,XA02447D136,1.0,3998.0,0.0,POS
3491,2026-07-22,KA02141Q744,1.0,2487.0,0.0,POS
3491,2026-07-22,KA02148W038,3.0,15522.0,0.0,POS
3491,2026-07-22,KA02141Q744,3.0,15522.0,0.0,POS
4333,2026-07-21,KA01988W038,1.0,-625.45,0.0,POS
4334,2026-07-20,CA01759V142,1.0,-3988.0,-44.0,POS
4334,2026-07-20,CA01759V142,1.0,-3988.0,-44.0,POS
4334,2026-07-20,CA01759V140,1.0,-13978.0,-134.0,POS
4334,2026-07-20,CA01759V140,1.0,-13978.0,-134.0,POS
4334,2026-07-20,CA01759V140,1.0,-13978.0,-134.0,POS
4334,2026-07-20,CA01759V140,1.0,-13978.0,-134.0,POS
4334,2026-07-20,CA01759V140,1.0,-13978.0,-134.0,POS
4334,2026-07-20,CA01759V142,1.0,-13978.0,-134.0,POS
4334,2026-07-20,CA01759V142,1.0,-13978.0,-134.0,POS
4334,2026-07-20,CA01271X140,1.0,-3280.0,0.0,POS
4334,2026-07-20,CA01271X140,1.0,0.0,0.0,POS
4334,2026-07-20,CA01271X142,1.0,0.0,0.0,POS
4334,2026-07-20,CA01271X142,1.0,-1680.0,0.0,POS
4334,2026-07-20,CA01759V140,1.0,-1680.0,0.0,POS
4334,2026-07-20,CA01759V138,1.0,-1680.0,0.0,POS
4334,2026-07-20,CA01759V140,1.0,1680.0,0.0,POS
4334,2026-07-20,CA01759V138,1.0,1680.0,0.0,POS
4334,2026-07-20,CA01271X138,1.0,1680.0,0.0,POS
4334,2026-07-20,CA01271X138,1.0,1286.0,-22.0,POS
4334,2026-07-20,CA01759V142,1.0,1286.0,-22.0,POS
4333,2026-07-20,KB00373W038,1.0,13280.4,300.0,POS
4333,2026-07-20,RC00190W042,1.0,13280.4,300.0,POS
4333,2026-07-20,RA00399A140,1.0,13280.4,300.0,POS
4333,2026-07-20,KA01988W038,1.0,13280.4,300.0,POS
4333,2026-07-20,LA01476W036,1.0,13280.4,300.0,POS
4333,2026-07-20,NA02403Q742,1.0,13280.4,300.0,POS
4333,2026-07-20,NA01972P840,1.0,13280.4,300.0,POS
4333,2026-07-20,CA01199J138,1.0,13280.4,300.0,POS
4333,2026-07-20,CA00988Q738,1.0,13280.4,300.0,POS
4333,2026-07-17,CA01199J138,1.0,-13280.4,-300.0,POS
4333,2026-07-17,NA02403Q742,1.0,-13280.4,-300.0,POS
4333,2026-07-17,LA01476W036,1.0,-13280.4,-300.0,POS
4333,2026-07-17,CA00988Q738,1.0,-13280.4,-300.0,POS
4333,2026-07-17,RC00190W042,1.0,-13280.4,-300.0,POS
4333,2026-07-17,KB00373W038,1.0,-13280.4,-300.0,POS
4333,2026-07-17,NA01972P840,1.0,-13280.4,-300.0,POS
4333,2026-07-17,RA00399A140,1.0,-13280.4,-300.0,POS
4333,2026-07-17,KA01988W038,1.0,-13280.4,-300.0,POS
4334,2026-07-16,CA01759V140,1.0,2480.0,0.0,POS
4334,2026-07-17,CA01271X138,1.0,1286.0,-22.0,POS
4334,2026-07-17,CA01759V142,1.0,1286.0,-22.0,POS
4334,2026-07-17,EZ03027A436,1.0,50.0,0.0,POS
4333,2026-07-17,KB00373W038,1.0,13280.4,300.0,POS
4333,2026-07-17,RC00190W042,1.0,13280.4,300.0,POS
4333,2026-07-17,RA00399A140,1.0,13280.4,300.0,POS
4333,2026-07-17,KA01988W038,1.0,13280.4,300.0,POS
4333,2026-07-17,LA01476W036,1.0,13280.4,300.0,POS
4333,2026-07-17,NA02403Q742,1.0,13280.4,300.0,POS
4333,2026-07-17,NA01972P840,1.0,13280.4,300.0,POS
4333,2026-07-17,CA01199J138,1.0,13280.4,300.0,POS
4333,2026-07-17,CA00988Q738,1.0,13280.4,300.0,POS
3982,2026-07-17,KA01915W042,1.0,66740.0,0.0,POS
3982,2026-07-17,KA01915W044,1.0,66740.0,0.0,POS
3982,2026-07-17,KA01915W036,1.0,66740.0,0.0,POS
3982,2026-07-17,KA01915W038,1.0,66740.0,0.0,POS
3982,2026-07-17,KA01915W046,1.0,66740.0,0.0,POS
3982,2026-07-17,KA02141Q742,1.0,66740.0,0.0,POS
3982,2026-07-17,KA02141Q736,1.0,66740.0,0.0,POS
3982,2026-07-17,KA02141Q738,1.0,66740.0,0.0,POS
3982,2026-07-17,KA02141Q740,1.0,66740.0,0.0,POS
3982,2026-07-17,KA02141Q744,1.0,66740.0,0.0,POS
3982,2026-07-17,KA02141Q746,1.0,66740.0,0.0,POS
3982,2026-07-17,KA02142U844,1.0,66740.0,0.0,POS
3982,2026-07-17,KA02142U842,1.0,66740.0,0.0,POS
3982,2026-07-17,KA02142U846,1.0,66740.0,0.0,POS
3982,2026-07-17,KA02142U840,1.0,66740.0,0.0,POS
3982,2026-07-17,KA02142U838,1.0,66740.0,0.0,POS
3982,2026-07-17,KA02142U836,1.0,66740.0,0.0,POS
3982,2026-07-17,KA02157C436,1.0,66740.0,0.0,POS
3982,2026-07-17,KA02157C438,1.0,66740.0,0.0,POS
3982,2026-07-17,KA02157C440,1.0,66740.0,0.0,POS
3982,2026-07-17,KA02157C442,1.0,66740.0,0.0,POS
3982,2026-07-17,KA02157C444,1.0,66740.0,0.0,POS
3982,2026-07-17,KA02157C446,1.0,66740.0,0.0,POS
3982,2026-07-17,KA02157C446,1.0,-75401.0,0.0,POS
3982,2026-07-17,KA02157C444,1.0,-75401.0,0.0,POS
3982,2026-07-17,KA02157C442,1.0,-75401.0,0.0,POS
3982,2026-07-17,KA02157C440,1.0,-75401.0,0.0,POS
3982,2026-07-17,KA02157C438,1.0,-75401.0,0.0,POS
3982,2026-07-17,KA02157C436,1.0,-75401.0,0.0,POS
3982,2026-07-17,KA02142U836,1.0,-75401.0,0.0,POS
3982,2026-07-17,KA02142U838,1.0,-75401.0,0.0,POS
3982,2026-07-17,KA02142U840,1.0,-75401.0,0.0,POS
3982,2026-07-17,KA02142U846,1.0,-75401.0,0.0,POS
3982,2026-07-17,KA02142U842,1.0,-75401.0,0.0,POS
3982,2026-07-17,KA02142U844,1.0,-75401.0,0.0,POS
3982,2026-07-17,KA02141Q746,1.0,-75401.0,0.0,POS
3982,2026-07-17,KA02141Q744,1.0,-75401.0,0.0,POS
3982,2026-07-17,KA02141Q740,1.0,-75401.0,0.0,POS
3982,2026-07-17,KA02141Q738,1.0,-75401.0,0.0,POS
3982,2026-07-17,KA02141Q736,1.0,-75401.0,0.0,POS
3982,2026-07-17,KA02141Q742,1.0,-75401.0,0.0,POS
3982,2026-07-17,KA01915W046,1.0,-75401.0,0.0,POS
3982,2026-07-17,KA01915W038,1.0,-75401.0,0.0,POS
3982,2026-07-17,KA01915W036,1.0,-75401.0,0.0,POS
3982,2026-07-17,KA01915W044,1.0,-75401.0,0.0,POS
3982,2026-07-17,KA01915W042,1.0,-75401.0,0.0,POS
4334,2026-07-17,XA02447D136,1.0,3998.0,0.0,POS
4334,2026-07-17,XA02447D136,1.0,3998.0,0.0,POS
4334,2026-07-16,CA01759V140,5.0,19960.0,200.0,POS
4334,2026-07-16,CA01759V142,5.0,19960.0,200.0,POS
4334,2026-07-16,CA01759V142,6.0,12032.0,100.0,POS
4334,2026-07-16,CA01759V142,6.0,15412.0,0.0,POS
4334,2026-07-16,CA01271X136,5.0,15412.0,0.0,POS
3491,2026-07-16,KA02141Q738,6.0,22383.0,0.0,POS
3491,2026-07-16,KC00718W038,6.0,22383.0,0.0,POS
1171,2026-07-16,KF10115K740,2.0,3420.9,0.0,POS
1171,2026-07-16,KF10115K740,1.0,-4887.0,0.0,POS
1171,2026-07-16,KF10115K740,4.0,6841.8,0.0,POS
3982,2026-07-15,KF09581W036,1.0,-2877.0,-10.0,POS
3982,2026-07-15,KF09581W036,1.0,2877.0,10.0,POS
3982,2026-07-15,KZ04159T242,1.0,2487.0,0.0,POS
3982,2026-07-15,KF09581W036,1.0,1443.5,0.0,POS
3982,2026-07-15,K2260002A10136,1.0,2000.0,0.0,POS
2479,2026-07-15,ZA00583V140,1.0,1260.0,0.0,POS
4334,2026-07-14,CA01271X138,1.0,-2980.0,0.0,POS
4334,2026-07-14,CA01271X136,1.0,-2980.0,0.0,POS
4334,2026-07-14,CA01271X136,1.0,700.0,0.0,POS
4334,2026-07-14,CA01759V138,1.0,700.0,0.0,POS
4334,2026-07-14,CA01759V138,1.0,-700.0,0.0,POS
4334,2026-07-14,CA01271X140,1.0,-700.0,0.0,POS
4334,2026-07-14,CA01271X140,1.0,5960.0,0.0,POS
4334,2026-07-14,CA01271X138,1.0,5960.0,0.0,POS
3982,2026-07-14,KA02157C440,3.0,-19935.0,0.0,POS
4334,2026-07-14,KW04126V138,1.0,2287.0,0.0,POS
3982,2026-07-14,KA02157C436,2.0,-19935.0,0.0,POS
4334,2026-07-14,CA01271X144,2.0,-9840.0,0.0,POS
4334,2026-07-14,CA01271X142,1.0,-9840.0,0.0,POS
3982,2026-07-14,KF09726Q746,1.0,-14661.0,0.0,POS
3982,2026-07-14,KF09726Q744,2.0,-14661.0,0.0,POS
4334,2026-07-14,CA01759V136,2.0,-8640.0,0.0,POS
4334,2026-07-14,CA01300X136,1.0,-8640.0,0.0,POS
3982,2026-07-14,KF09726Q738,1.0,-18261.0,0.0,POS
3982,2026-07-14,KF09726Q744,2.0,-18261.0,0.0,POS
4334,2026-07-14,CA01271X140,1.0,-9840.0,0.0,POS
4334,2026-07-14,CA01271X136,2.0,-9840.0,0.0,POS
4334,2026-07-14,KW04126V136,1.0,2287.0,0.0,POS
4334,2026-07-14,KW04126V136,1.0,2287.0,0.0,POS
3982,2026-07-14,KF09513W038,2.0,-18261.0,0.0,POS
3982,2026-07-14,KF09513W038,1.0,-2987.0,0.0,POS
3982,2026-07-13,RZ00867V138,1.0,-3690.0,0.0,POS
3982,2026-07-13,KA02157C440,1.0,3588.3,0.0,POS
4334,2026-07-10,CA01271X136,1.0,0.0,0.0,POS
4334,2026-07-10,CA01271X136,1.0,0.0,0.0,POS
1991,2026-07-10,KF10803W044,1.0,-5032.9,0.0,POS
1991,2026-07-10,KF10803W042,1.0,-5032.9,0.0,POS
1991,2026-07-10,KZ04464X438,1.0,-4286.0,0.0,POS
1991,2026-07-10,KA02157D138,1.0,-4286.0,0.0,POS
1991,2026-07-10,KF10803W044,1.0,1345.9,-300.0,POS
1991,2026-07-10,KF10803W042,1.0,1345.9,-300.0,POS
1991,2026-07-10,KA02157D138,1.0,1345.9,-300.0,POS
1991,2026-07-10,KZ04464X438,1.0,3987.0,0.0,POS
1991,2026-07-10,KA02157D138,1.0,3987.0,0.0,POS
1991,2026-07-10,KZ04464X438,1.0,3987.0,0.0,POS
1991,2026-07-10,KA02157D138,1.0,3986.0,300.0,POS
1991,2026-07-10,KZ04464X438,1.0,3986.0,300.0,POS
1991,2026-07-10,KA02157D138,1.0,1705.1,0.0,POS
1991,2026-07-10,KZ04464X438,1.0,1705.1,0.0,POS
1991,2026-07-10,KF10803W042,1.0,1705.1,0.0,POS
1991,2026-07-10,XA02198N436,1.0,8101.7,300.0,POS
1991,2026-07-10,XA01903Q738,1.0,8101.7,300.0,POS
1991,2026-07-10,XA01903Q738,1.0,8101.7,300.0,POS
1991,2026-07-10,XA01903Q738,1.0,4290.3,0.0,POS
1991,2026-07-10,KF10803W042,1.0,4290.3,0.0,POS
1171,2026-07-09,KK00718K740,1.0,-4887.0,0.0,POS
1171,2026-07-09,KF10115K740,1.0,-4887.0,0.0,POS
1171,2026-07-09,KK00718K740,1.0,3176.55,0.0,POS
1171,2026-07-09,KF10115K740,1.0,3176.55,0.0,POS
1171,2026-07-09,KF10115K738,1.0,3176.55,0.0,POS
1171,2026-07-09,KK00718K738,1.0,3176.55,0.0,POS
1171,2026-07-09,KK00718K738,1.0,-3176.55,0.0,POS
1171,2026-07-09,KF10115K738,1.0,-3176.55,0.0,POS
1171,2026-07-09,KF10115K740,1.0,-3176.55,0.0,POS
1171,2026-07-09,KK00718K740,1.0,-3176.55,0.0,POS
1171,2026-07-09,KF10115K738,1.0,-1710.45,0.0,POS
1171,2026-07-09,KK00718K738,1.0,-1710.45,0.0,POS
1171,2026-07-09,KF10115K738,1.0,-1710.45,0.0,POS
1171,2026-07-09,KK00718K738,1.0,-1710.45,0.0,POS
1171,2026-07-09,KF10115K738,1.0,-1710.45,0.0,POS
1171,2026-07-09,KK00718K738,1.0,-1710.45,0.0,POS
1171,2026-07-09,KK00718K740,1.0,10018.35,0.0,POS
1171,2026-07-09,KF10115K740,1.0,10018.35,0.0,POS
1171,2026-07-09,KK00718K738,3.0,10018.35,0.0,POS
1171,2026-07-09,KF10115K738,3.0,10018.35,0.0,POS
1171,2026-07-09,LM01394V142,1.0,-4270.0,0.0,POS
1171,2026-07-09,NA00001B41440,1.0,-4270.0,0.0,POS
1171,2026-07-09,NA00001B41440,1.0,-2880.0,0.0,POS
1171,2026-07-09,NA00001B41440,1.0,1490.0,0.0,POS
1171,2026-07-09,LM01394V140,1.0,1490.0,0.0,POS
1171,2026-07-09,KA01891W036,1.0,-1610.75,0.0,POS
1171,2026-07-09,RF05216Q740,1.0,-1610.75,0.0,POS
1171,2026-07-09,RF05216Q740,1.0,-6890.0,0.0,POS
4334,2026-07-09,CA01271X140,1.0,-2802.5,-149.0,POS
1171,2026-07-09,RF05216Q740,1.0,5599.55,0.0,POS
1171,2026-07-09,KA01990W036,1.0,5599.55,0.0,POS
1171,2026-07-09,LM01394V140,1.0,-1390.0,0.0,POS
1171,2026-07-09,KA01990W036,1.0,-3687.0,0.0,POS
1171,2026-07-09,KA01990W036,1.0,242.0,0.0,POS
1171,2026-07-09,RB00234R138,1.0,242.0,0.0,POS
4334,2026-07-09,CA01271X138,1.0,-636.0,-30.0,POS
1171,2026-07-09,LM01394V140,1.0,-1490.0,0.0,POS
1171,2026-07-09,NA00001B41442,1.0,-1490.0,0.0,POS
1171,2026-07-09,NA00001B41442,1.0,14886.2,0.0,POS
1171,2026-07-09,NA00001B41440,1.0,14886.2,0.0,POS
1171,2026-07-09,LM01394V142,1.0,14886.2,0.0,POS
1171,2026-07-09,LM01394V140,1.0,14886.2,0.0,POS
1171,2026-07-09,RF05216Q740,1.0,14886.2,0.0,POS
1171,2026-07-09,RB00234R138,1.0,14886.2,0.0,POS
1171,2026-07-09,KA01990W036,1.0,14886.2,0.0,POS
1171,2026-07-09,KA01891W036,1.0,14886.2,0.0,POS
1171,2026-07-09,CA01255W036,1.0,-2880.0,0.0,POS
1171,2026-07-09,CA01257P738,1.0,-992.0,0.0,POS
1171,2026-07-09,CA01255W036,1.0,2880.0,0.0,POS
1171,2026-07-09,CA01257P738,1.0,2880.0,0.0,POS
1171,2026-07-09,CA01257P740,1.0,2880.0,0.0,POS
1171,2026-07-09,CA01257P740,1.0,-1888.0,0.0,POS
1171,2026-07-09,CA01255W042,1.0,-1888.0,0.0,POS
1171,2026-07-09,CA01255W042,1.0,-2880.0,0.0,POS
1171,2026-07-09,CA01255W040,1.0,-3744.0,0.0,POS
1171,2026-07-09,CA01255W038,1.0,-3744.0,0.0,POS
1171,2026-07-09,CA01257P738,1.0,-992.0,0.0,POS
1171,2026-07-09,CA01257P738,1.0,-1888.0,0.0,POS
1171,2026-07-09,CA01255W040,1.0,-1888.0,0.0,POS
1171,2026-07-09,CA01255W040,1.0,1648.0,-1000.0,POS
1171,2026-07-09,CA01257P736,1.0,1648.0,-1000.0,POS
1171,2026-07-09,CA01257P736,1.0,7856.0,1000.0,POS
1171,2026-07-09,CA01255W042,1.0,7856.0,1000.0,POS
1171,2026-07-09,CA01255W038,1.0,7856.0,1000.0,POS
1171,2026-07-09,CA01255W040,1.0,7856.0,1000.0,POS
1171,2026-07-09,CA01255W042,2.0,1728.0,0.0,POS
1171,2026-07-09,CA01255W042,1.0,-864.0,0.0,POS
1171,2026-07-09,CA01271X140,1.0,-1500.0,0.0,POS
4334,2026-07-09,NA02052V044,1.0,438.0,0.0,POS
3982,2026-07-09,RZ00690W042,1.0,2023.0,0.0,POS
3982,2026-07-09,RZ00867V138,1.0,3690.0,0.0,POS
1171,2026-07-09,CA01271X140,1.0,-3460.0,0.0,POS
1171,2026-07-09,CA01257P738,1.0,-3460.0,0.0,POS
1171,2026-07-09,CA01257P738,1.0,-3460.0,0.0,POS
1171,2026-07-08,CA01271X140,1.0,-3460.0,0.0,POS
1171,2026-07-08,CA01257P738,1.0,-3460.0,0.0,POS
1171,2026-07-08,CA01257P738,1.0,-3460.0,0.0,POS
1171,2026-07-08,CA01257P738,2.0,1680.0,0.0,POS
1171,2026-07-08,CA01271X138,1.0,1680.0,0.0,POS
1171,2026-07-08,CA01257P736,1.0,-2480.0,0.0,POS
1171,2026-07-08,CA01257P736,1.0,-800.0,0.0,POS
1171,2026-07-08,CA01271X138,1.0,-800.0,0.0,POS
1171,2026-07-08,CA01271X138,1.0,-3280.0,0.0,POS
1171,2026-07-08,CA01271X138,1.0,400.0,0.0,POS
1171,2026-07-08,CA01255W036,1.0,400.0,0.0,POS
1171,2026-07-08,CA01255W036,1.0,2224.0,0.0,POS
1171,2026-07-08,CA01271X138,1.0,2224.0,0.0,POS
1171,2026-07-08,CA01271X138,1.0,656.0,0.0,POS
1171,2026-07-08,CA01271X138,1.0,2416.0,0.0,POS
1171,2026-07-08,CA01255W036,1.0,2416.0,0.0,POS
1171,2026-07-08,CA01255W036,1.0,-400.0,0.0,POS
1171,2026-07-08,CA01271X138,1.0,-400.0,0.0,POS
1171,2026-07-08,CA01255W036,1.0,5008.0,0.0,POS
1171,2026-07-08,CA01271X138,1.0,5008.0,0.0,POS
1171,2026-07-08,CA01255W042,1.0,5008.0,0.0,POS
1171,2026-07-08,CA01255W038,1.0,-2880.0,0.0,POS
1171,2026-07-08,CA01255W038,1.0,-3280.0,0.0,POS
1171,2026-07-08,CA01271X138,1.0,-3280.0,0.0,POS
1171,2026-07-08,CA01255W036,1.0,-3280.0,0.0,POS
3982,2026-07-08,KE01389V142,1.0,3528.75,0.0,POS
3982,2026-07-08,KF09536W042,1.0,3528.75,0.0,POS
3982,2026-07-08,KA02148W038,1.0,2418.3,0.0,POS
1171,2026-07-08,CA01255W036,1.0,-3280.0,0.0,POS
1171,2026-07-08,CA01271X138,1.0,-3280.0,0.0,POS
1171,2026-07-08,CA01255W036,1.0,-3280.0,0.0,POS
1171,2026-07-08,CA01255W036,1.0,3280.0,0.0,POS
1171,2026-07-08,CA01271X138,1.0,3280.0,0.0,POS
1171,2026-07-08,CA01255W042,1.0,3280.0,0.0,POS
1171,2026-07-08,CA01255W042,1.0,2880.0,0.0,POS
1171,2026-07-08,CA01300X140,1.0,-3680.0,0.0,POS
1171,2026-07-08,CA01300X140,1.0,728.0,0.0,POS
1171,2026-07-08,CA01271X136,1.0,728.0,0.0,POS
4334,2026-07-07,NA02052V044,1.0,438.0,0.0,POS
1171,2026-07-07,CA01271X136,1.0,72.0,0.0,POS
1171,2026-07-07,CA01255W036,1.0,72.0,0.0,POS
1171,2026-07-07,CA01255W036,1.0,-3280.0,0.0,POS
1171,2026-07-07,CA01271X138,1.0,-3280.0,0.0,POS
1171,2026-07-07,CA01255W036,1.0,-3280.0,0.0,POS
1171,2026-07-07,CA01255W036,1.0,3280.0,0.0,POS
1171,2026-07-07,CA01271X138,1.0,3280.0,0.0,POS
1171,2026-07-07,CA01255W042,1.0,3280.0,0.0,POS
1171,2026-07-07,CA01255W042,1.0,2880.0,0.0,POS
1171,2026-07-07,CA01255W036,1.0,-2880.0,0.0,POS
4334,2026-07-07,RA00394A138,1.0,3067.5,0.0,POS
4334,2026-07-07,CA01271X136,1.0,3067.5,0.0,POS
4334,2026-07-07,NA02052V044,1.0,438.0,0.0,POS
1171,2026-07-07,CA01255W036,1.0,-3280.0,0.0,POS
1171,2026-07-07,CA01255W036,1.0,-3280.0,0.0,POS
1171,2026-07-07,CA01271X138,1.0,-3280.0,0.0,POS
1171,2026-07-07,CA01255W036,1.0,3280.0,0.0,POS
1171,2026-07-07,CA01271X138,1.0,3280.0,0.0,POS
1171,2026-07-07,CA01255W042,1.0,3280.0,0.0,POS
1171,2026-07-07,CA01255W042,1.0,2880.0,0.0,POS
1171,2026-07-07,CA01271X142,1.0,-3280.0,0.0,POS
1171,2026-07-07,CA01271X142,1.0,-2880.0,0.0,POS
1171,2026-07-07,CA01255W038,1.0,-2880.0,0.0,POS
1171,2026-07-07,CA01271X140,1.0,-2880.0,0.0,POS
1171,2026-07-07,CA01271X140,1.0,3280.0,0.0,POS
1171,2026-07-07,CA01255W038,1.0,3280.0,0.0,POS
1171,2026-07-07,CA01255W036,1.0,3280.0,0.0,POS
1171,2026-07-07,CA01255W040,1.0,-2636.0,-100.0,POS
1171,2026-07-07,CA01255W040,1.0,-2592.0,0.0,POS
1171,2026-07-07,CA01255W038,1.0,-2592.0,0.0,POS
1171,2026-07-07,CA01255W040,1.0,-2592.0,0.0,POS
1171,2026-07-07,CA01255W036,1.0,3280.0,0.0,POS
1171,2026-07-07,CA01271X138,1.0,3280.0,0.0,POS
1171,2026-07-07,CA01255W042,1.0,3280.0,0.0,POS
1171,2026-07-07,CA01255W042,1.0,2880.0,0.0,POS
4334,2026-07-06,CA01271X140,1.0,5240.0,600.0,POS
4334,2026-07-06,CA01271X138,1.0,5240.0,600.0,POS
4334,2026-07-06,CA01759V136,1.0,5240.0,600.0,POS
4334,2026-07-06,CA01759V136,1.0,2480.0,0.0,POS
4334,2026-07-06,CA01759V136,1.0,3792.0,0.0,POS
4334,2026-07-06,CA01271X142,1.0,656.0,0.0,POS
4334,2026-07-06,CA01271X136,1.0,3792.0,0.0,POS
4334,2026-07-06,CA01271X138,1.0,3792.0,0.0,POS
4334,2026-07-06,CA01271X142,1.0,14572.0,600.0,POS
1171,2026-07-06,CA01255W036,1.0,-2880.0,0.0,POS
1171,2026-07-06,CA01255W036,1.0,-2880.0,0.0,POS
1171,2026-07-06,CA01255W036,1.0,-3280.0,0.0,POS
1171,2026-07-06,CA01255W036,1.0,-3280.0,0.0,POS
1171,2026-07-06,CA01271X138,1.0,-3280.0,0.0,POS
1171,2026-07-06,CA01255W036,1.0,3280.0,0.0,POS
1171,2026-07-06,CA01271X138,1.0,3280.0,0.0,POS
1171,2026-07-06,CA01255W042,1.0,3280.0,0.0,POS
1171,2026-07-06,CA01255W042,1.0,2880.0,0.0,POS
4334,2026-07-06,CA01271X142,1.0,2624.0,0.0,POS
4334,2026-07-06,CA01271X136,1.0,2624.0,0.0,POS
4334,2026-07-06,CA01271X138,1.0,2624.0,0.0,POS
1171,2026-07-06,CA01255W040,1.0,8108.0,100.0,POS
1171,2026-07-06,CA01255W038,1.0,8108.0,100.0,POS
1171,2026-07-06,CA01255W036,1.0,8108.0,100.0,POS
4334,2026-07-06,CA01271X140,1.0,14572.0,600.0,POS
4334,2026-07-06,CA01271X138,1.0,14572.0,600.0,POS
4334,2026-07-06,CA01271X136,2.0,14572.0,600.0,POS
4334,2026-07-01,CA01271X136,1.0,2624.0,0.0,POS
4334,2026-07-06,CA01271X144,1.0,2624.0,0.0,POS
4333,2026-07-06,K2260002A10138,1.0,2000.0,0.0,POS
4334,2026-07-03,CA01271X140,1.0,8016.0,300.0,POS
4334,2026-07-03,CA01271X138,1.0,8016.0,300.0,POS
4334,2026-07-03,CA01300X136,1.0,8016.0,300.0,POS
3491,2026-07-02,KF08963P738,1.0,-1075.0,0.0,POS
3491,2026-07-02,KF08963P738,1.0,-1338.5,0.0,POS
3491,2026-07-02,KA02141Q744,1.0,-1338.5,0.0,POS
3491,2026-07-02,KA02141Q744,1.0,2413.5,0.0,POS
4334,2026-07-02,CA01759V142,1.0,4473.5,0.0,POS
4334,2026-07-02,CA01271X138,1.0,4473.5,0.0,POS
4334,2026-07-02,CA01759V140,1.0,4473.5,0.0,POS
4334,2026-07-02,CA01271X136,1.0,4473.5,0.0,POS
4334,2026-07-02,CA01271X140,1.0,6607.5,300.0,POS
4334,2026-07-02,CA01271X138,1.0,6607.5,300.0,POS
4334,2026-07-02,CA01271X136,1.0,6607.5,300.0,POS
4334,2026-07-01,CA01271X140,1.0,2624.0,0.0,POS
4334,2026-07-01,CA01271X138,1.0,2624.0,0.0,POS
4334,2026-07-01,CA01271X142,1.0,2624.0,0.0,POS
4334,2026-07-02,KD04862C140,1.0,2.0,0.0,POS
4334,2026-07-02,KD04862C140,1.0,-2.0,0.0,POS
4334,2026-07-02,KD04862C140,1.0,2.0,0.0,POS
4334,2026-07-02,CA01271X138,1.0,656.0,0.0,POS
2261,2026-07-02,KY00538P240,1.0,-666.0,0.0,POS
2261,2026-07-02,KY00538P240,1.0,666.0,0.0,POS
4334,2026-07-02,CA01271X140,1.0,5343.5,300.0,POS
4334,2026-07-02,CA01271X138,1.0,5343.5,300.0,POS
4334,2026-07-02,KD04862C140,1.0,-2.0,0.0,POS
4334,2026-07-02,KD04862C140,1.0,2.0,0.0,POS
3491,2026-07-02,KA02117P740,1.0,-87.0,0.0,POS
3491,2026-07-02,KA02141Q742,1.0,-87.0,0.0,POS
3491,2026-07-02,KA02141Q742,1.0,0.0,0.0,POS
3491,2026-07-02,KA02141Q738,1.0,0.0,0.0,POS
3491,2026-07-02,K2560009A10340,1.0,-2870.0,0.0,POS
3491,2026-07-02,KA02141Q740,1.0,-2487.0,0.0,POS
3491,2026-07-02,KA02141Q740,1.0,-2487.0,0.0,POS
3491,2026-07-02,KA02141Q738,1.0,-2486.5,0.0,POS
3491,2026-07-02,KA02141Q738,1.0,4974.0,0.0,POS
3491,2026-07-02,KA02141Q740,1.0,4974.0,0.0,POS
3491,2026-07-02,KA02141Q740,1.0,2487.0,0.0,POS
3491,2026-07-02,K2560009A10340,1.0,2870.0,0.0,POS
3491,2026-07-02,K2560009A10340,1.0,2870.0,0.0,POS
3491,2026-07-02,K2560009A10336,1.0,2870.0,0.0,POS
4334,2026-07-02,KD04862C140,1.0,-4.0,0.0,POS
4334,2026-07-02,KD04862C140,1.0,-4.0,0.0,POS
1171,2026-07-02,CA01257P742,1.0,-1888.0,0.0,POS
1171,2026-07-02,CA01255W038,1.0,-1888.0,0.0,POS
1171,2026-07-02,CA01255W036,1.0,-2880.0,0.0,POS
1171,2026-07-02,CA01255W036,1.0,5760.0,0.0,POS
1171,2026-07-02,CA01255W038,1.0,5760.0,0.0,POS
4333,2026-07-02,XV03336A538,1.0,8369.0,0.0,POS
4333,2026-07-02,X8BDHSA008V138,1.0,8369.0,0.0,POS
4333,2026-07-02,K2260002A10138,1.0,8369.0,0.0,POS
4333,2026-07-02,KY00625P536,1.0,8369.0,0.0,POS
4333,2026-07-02,XV03336A538,1.0,5498.0,0.0,POS
4333,2026-07-02,X8BDHSA008V138,1.0,5498.0,0.0,POS
4333,2026-07-02,K2260002A10138,1.0,5498.0,0.0,POS
4334,2026-07-02,KD04862C140,2.0,4.0,0.0,POS
1171,2026-07-01,CA01255W036,1.0,-3280.0,0.0,POS
1171,2026-07-01,CA01271X138,1.0,-3280.0,0.0,POS
1171,2026-07-01,CA01255W036,1.0,-3280.0,0.0,POS
4334,2026-07-01,CA01759V142,1.0,3136.0,0.0,POS
4334,2026-07-01,CA01271X136,1.0,3136.0,0.0,POS
1171,2026-07-01,CA01255W042,1.0,2879.4,0.0,POS
1171,2026-07-01,CA01255W036,1.0,864.0,0.0,POS
1171,2026-07-01,CA01255W036,1.0,-864.0,0.0,POS
1171,2026-07-01,CA01255W038,1.0,-864.0,0.0,POS
1171,2026-07-01,CA01255W038,1.0,1728.0,0.0,POS
1171,2026-07-01,CA01255W036,1.0,1728.0,0.0,POS
3491,2026-07-01,KA02141Q738,1.0,2486.5,0.0,POS
3491,2026-07-01,KA02141Q738,1.0,2486.4,0.0,POS
3491,2026-07-01,KF08136W036,1.0,858.0,0.0,POS
1171,2026-07-01,CA01255W040,1.0,8252.0,100.0,POS
1171,2026-07-01,CA01255W038,1.0,8252.0,100.0,POS
1171,2026-07-01,CA01255W036,1.0,8252.0,100.0,POS
1171,2026-07-01,NA00001B41442,1.0,-2880.0,0.0,POS
1171,2026-07-01,NA00001B41442,1.0,0.0,0.0,POS
1171,2026-07-01,NA00001B41440,1.0,0.0,0.0,POS
1171,2026-07-01,NA00001B41440,1.0,-2880.0,0.0,POS
1171,2026-07-01,NA00001B41440,1.0,1490.0,0.0,POS
1171,2026-07-01,LM01394V140,1.0,1490.0,0.0,POS
1171,2026-07-01,NA00001B41440,1.0,4270.0,0.0,POS
1171,2026-07-01,LM01394V140,1.0,4270.0,0.0,POS
1171,2026-07-01,CA01255W036,1.0,-3280.0,0.0,POS
1171,2026-07-01,CA01271X138,1.0,-3280.0,0.0,POS
1171,2026-07-01,CA01255W036,1.0,-3280.0,0.0,POS
1171,2026-07-01,CA01255W036,1.0,3280.0,0.0,POS
1171,2026-07-01,CA01271X138,1.0,3280.0,0.0,POS
1171,2026-07-01,CA01255W042,1.0,3280.0,0.0,POS
1171,2026-07-01,CA01255W042,1.0,2880.0,0.0,POS
4334,2026-07-01,CA01271X136,1.0,-656.0,0.0,POS
4334,2026-07-01,CA01271X136,1.0,-656.0,0.0,POS
4334,2026-07-01,CA01271X136,1.0,-656.0,0.0,POS
4334,2026-07-01,CA01271X136,1.0,-656.0,0.0,POS
4334,2026-07-01,CA01271X136,1.0,-656.0,0.0,POS
4334,2026-07-01,CA01271X136,1.0,-656.0,0.0,POS
4334,2026-07-30,CA01271X136,1.0,-656.0,0.0,POS
4334,2026-07-01,CA01271X138,1.0,-656.0,0.0,POS
4334,2026-07-01,CA01271X138,1.0,-656.0,0.0,POS
3982,2026-07-30,KA01915W042,1.0,1445.0,100.0,抖音
10191,2026-07-28,KD04862C140,2.0,6574.0,600.0,抖音
1590,2026-07-27,LA01816W038,1.0,3590.0,300.0,抖音
